{"stats":{"minecraft:picked_up":{"minecraft:repeater":15,"minecraft:yellow_wool":1,"minecraft:polished_blackstone_button":3,"minecraft:redstone":2},"minecraft:dropped":{"minecraft:yellow_wool":1},"minecraft:custom":{"minecraft:time_since_rest":340279,"minecraft:crouch_one_cm":13436,"minecraft:sprint_one_cm":9983,"minecraft:play_time":340279,"minecraft:open_shulker_box":18,"minecraft:walk_one_cm":53216,"minecraft:sneak_time":16898,"minecraft:drop":1,"minecraft:jump":679,"minecraft:leave_game":8,"minecraft:time_since_death":340279,"minecraft:total_world_time":388145,"minecraft:fall_one_cm":211,"minecraft:tune_noteblock":3655,"minecraft:fly_one_cm":3792957},"minecraft:used":{"minecraft:yellow_wool":287,"minecraft:repeater":396,"minecraft:honeycomb_block":1,"minecraft:dark_oak_log":2,"minecraft:command_block":1,"minecraft:blue_stained_glass":8,"minecraft:yellow_shulker_box":190,"minecraft:redstone":94,"minecraft:stone_button":5,"minecraft:lapis_block":473,"minecraft:gold_block":292,"minecraft:blue_wool":15,"minecraft:polished_blackstone_button":110,"minecraft:note_block":313,"minecraft:warped_planks":7,"minecraft:blue_concrete_powder":344,"minecraft:observer":16,"minecraft:blue_concrete":2,"minecraft:clay":1,"minecraft:smooth_stone":11}},"DataVersion":2865}